instant,dteday,season,yr,mnth,hr,holiday,weekday,workingday,weathersit,temp,atemp,hum,windspeed,casual,registered,cnt
14492,2012-09-01,3,1,9,0,0,6,0,1,0.74,0.6818,0.62,0.1045,22,146,168
14493,2012-09-01,3,1,9,1,0,6,0,1,0.72,0.697,0.74,0.1343,11,68,79
14494,2012-09-01,3,1,9,2,0,6,0,1,0.7,0.6515,0.7,0.1642,8,61,69
14495,2012-09-01,3,1,9,3,0,6,0,1,0.7,0.6515,0.7,0.1045,6,29,35
14496,2012-09-01,3,1,9,4,0,6,0,1,0.7,0.6515,0.7,0.0,3,9,12
14497,2012-09-01,3,1,9,5,0,6,0,1,0.68,0.6364,0.79,0.0,2,20,22
14498,2012-09-01,3,1,9,6,0,6,0,1,0.68,0.6364,0.79,0.0,13,23,36
14499,2012-09-01,3,1,9,7,0,6,0,2,0.74,0.6818,0.58,0.1343,8,58,66
14500,2012-09-01,3,1,9,8,0,6,0,2,0.76,0.7121,0.58,0.2537,28,134,162
14501,2012-09-01,3,1,9,9,0,6,0,2,0.76,0.7121,0.58,0.194,62,175,237
14502,2012-09-01,3,1,9,10,0,6,0,2,0.78,0.7273,0.55,0.194,128,289,417
14503,2012-09-01,3,1,9,11,0,6,0,2,0.8,0.7576,0.55,0.2239,219,273,492
14504,2012-09-01,3,1,9,12,0,6,0,2,0.8,0.7576,0.55,0.1642,187,284,471
14505,2012-09-01,3,1,9,13,0,6,0,2,0.82,0.7727,0.52,0.0896,237,267,504
14506,2012-09-01,3,1,9,14,0,6,0,2,0.86,0.7879,0.44,0.1642,240,274,514
14507,2012-09-01,3,1,9,15,0,6,0,2,0.86,0.7879,0.44,0.2836,257,306,563
14508,2012-09-01,3,1,9,16,0,6,0,2,0.84,0.7879,0.49,0.1642,209,253,462
14509,2012-09-01,3,1,9,17,0,6,0,2,0.82,0.7727,0.52,0.0,205,258,463
14510,2012-09-01,3,1,9,18,0,6,0,2,0.82,0.7727,0.52,0.0,184,258,442
14511,2012-09-01,3,1,9,19,0,6,0,3,0.78,0.7424,0.62,0.0,157,235,392
14512,2012-09-01,3,1,9,20,0,6,0,3,0.76,0.7273,0.67,0.2537,67,140,207
14513,2012-09-01,3,1,9,21,0,6,0,3,0.64,0.5758,0.89,0.0,21,83,104
14514,2012-09-01,3,1,9,22,0,6,0,2,0.66,0.5909,0.89,0.0,21,57,78
14515,2012-09-01,3,1,9,23,0,6,0,1,0.66,0.5909,0.89,0.0896,57,88,145
14516,2012-09-02,3,1,9,0,0,0,0,2,0.66,0.5909,0.89,0.0896,27,72,99
14517,2012-09-02,3,1,9,1,0,0,0,1,0.66,0.5909,0.89,0.0,15,58,73
14518,2012-09-02,3,1,9,2,0,0,0,1,0.66,0.5909,0.89,0.0,28,56,84
14519,2012-09-02,3,1,9,3,0,0,0,1,0.66,0.5909,0.89,0.0896,9,33,42
14520,2012-09-02,3,1,9,4,0,0,0,1,0.66,0.5909,0.89,0.0,7,15,22
14521,2012-09-02,3,1,9,5,0,0,0,1,0.66,0.5909,0.89,0.0,2,10,12
14522,2012-09-02,3,1,9,6,0,0,0,2,0.66,0.5909,0.89,0.0,2,13,15
14523,2012-09-02,3,1,9,7,0,0,0,1,0.66,0.5909,0.94,0.0896,13,29,42
14524,2012-09-02,3,1,9,8,0,0,0,1,0.68,0.6364,0.89,0.0896,30,99,129
14525,2012-09-02,3,1,9,9,0,0,0,2,0.7,0.6667,0.84,0.0,88,144,232
14526,2012-09-02,3,1,9,10,0,0,0,2,0.72,0.697,0.79,0.0,158,230,388
14527,2012-09-02,3,1,9,11,0,0,0,2,0.74,0.697,0.7,0.0,226,263,489
14528,2012-09-02,3,1,9,12,0,0,0,3,0.74,0.697,0.7,0.0,248,297,545
14529,2012-09-02,3,1,9,13,0,0,0,3,0.72,0.697,0.74,0.0896,263,230,493
14530,2012-09-02,3,1,9,14,0,0,0,3,0.72,0.697,0.79,0.0896,249,208,457
14531,2012-09-02,3,1,9,15,0,0,0,3,0.74,0.7121,0.74,0.1343,179,176,355
14532,2012-09-02,3,1,9,16,0,0,0,1,0.74,0.697,0.7,0.0,222,252,474
14533,2012-09-02,3,1,9,17,0,0,0,1,0.76,0.7273,0.66,0.0896,219,284,503
14534,2012-09-02,3,1,9,18,0,0,0,1,0.74,0.7121,0.74,0.0,227,273,500
14535,2012-09-02,3,1,9,19,0,0,0,2,0.7,0.6667,0.84,0.2239,140,152,292
14536,2012-09-02,3,1,9,20,0,0,0,2,0.7,0.6667,0.84,0.1642,63,41,104
14537,2012-09-02,3,1,9,21,0,0,0,1,0.7,0.6515,0.7,0.1642,79,92,171
14538,2012-09-02,3,1,9,22,0,0,0,3,0.68,0.6364,0.83,0.1343,66,100,166
14539,2012-09-02,3,1,9,23,0,0,0,3,0.66,0.5909,0.89,0.0896,53,70,123
14540,2012-09-03,3,1,9,0,1,1,0,2,0.66,0.5909,0.94,0.0,42,62,104
14541,2012-09-03,3,1,9,1,1,1,0,2,0.68,0.6364,0.89,0.1642,18,37,55
14542,2012-09-03,3,1,9,2,1,1,0,1,0.66,0.5909,0.89,0.1045,10,30,40
14543,2012-09-03,3,1,9,3,1,1,0,1,0.66,0.5909,0.89,0.1343,6,22,28
14544,2012-09-03,3,1,9,4,1,1,0,1,0.66,0.5909,0.89,0.0896,6,5,11
14545,2012-09-03,3,1,9,5,1,1,0,1,0.66,0.5909,0.89,0.0,1,3,4
14546,2012-09-03,3,1,9,6,1,1,0,1,0.66,0.5909,0.94,0.0,3,12,15
14547,2012-09-03,3,1,9,7,1,1,0,1,0.68,0.6364,0.85,0.0,6,37,43
14548,2012-09-03,3,1,9,8,1,1,0,2,0.7,0.6667,0.84,0.1045,36,91,127
14549,2012-09-03,3,1,9,9,1,1,0,2,0.7,0.6667,0.84,0.1343,71,158,229
14550,2012-09-03,3,1,9,10,1,1,0,2,0.74,0.7121,0.74,0.2239,135,224,359
14551,2012-09-03,3,1,9,11,1,1,0,2,0.74,0.697,0.7,0.2836,187,272,459
14552,2012-09-03,3,1,9,12,1,1,0,2,0.76,0.7121,0.62,0.2985,191,352,543
14553,2012-09-03,3,1,9,13,1,1,0,2,0.76,0.7273,0.66,0.2537,209,357,566
14554,2012-09-03,3,1,9,14,1,1,0,1,0.74,0.697,0.7,0.2985,163,349,512
14555,2012-09-03,3,1,9,15,1,1,0,1,0.74,0.697,0.7,0.2239,168,281,449
14556,2012-09-03,3,1,9,16,1,1,0,1,0.74,0.697,0.7,0.2239,165,335,500
14557,2012-09-03,3,1,9,17,1,1,0,1,0.74,0.697,0.7,0.1343,181,317,498
14558,2012-09-03,3,1,9,18,1,1,0,1,0.74,0.697,0.66,0.1642,145,337,482
14559,2012-09-03,3,1,9,19,1,1,0,1,0.72,0.697,0.74,0.194,73,301,374
14560,2012-09-03,3,1,9,20,1,1,0,1,0.72,0.6818,0.76,0.1045,78,183,261
14561,2012-09-03,3,1,9,21,1,1,0,1,0.72,0.6818,0.76,0.1045,42,142,184
14562,2012-09-03,3,1,9,22,1,1,0,2,0.7,0.6667,0.84,0.1343,17,104,121
14563,2012-09-03,3,1,9,23,1,1,0,2,0.7,0.6667,0.84,0.2537,12,58,70
14564,2012-09-04,3,1,9,0,0,2,1,2,0.7,0.6667,0.84,0.2537,10,19,29
14565,2012-09-04,3,1,9,1,0,2,1,1,0.68,0.6364,0.82,0.1343,15,9,24
14566,2012-09-04,3,1,9,2,0,2,1,1,0.68,0.6364,0.82,0.1343,1,4,5
14567,2012-09-04,3,1,9,3,0,2,1,2,0.66,0.5909,0.89,0.0896,1,9,10
14568,2012-09-04,3,1,9,4,0,2,1,2,0.66,0.5909,0.89,0.0,0,8,8
14569,2012-09-04,3,1,9,5,0,2,1,2,0.66,0.5909,0.89,0.0,1,37,38
14570,2012-09-04,3,1,9,6,0,2,1,2,0.68,0.6364,0.89,0.1045,7,165,172
14571,2012-09-04,3,1,9,7,0,2,1,2,0.68,0.6364,0.89,0.1045,13,480,493
14572,2012-09-04,3,1,9,8,0,2,1,1,0.7,0.6667,0.84,0.1642,15,617,632
14573,2012-09-04,3,1,9,9,0,2,1,2,0.72,0.697,0.79,0.2239,30,293,323
14574,2012-09-04,3,1,9,10,0,2,1,2,0.72,0.697,0.74,0.2537,42,130,172
14575,2012-09-04,3,1,9,11,0,2,1,2,0.74,0.697,0.7,0.2836,39,159,198
14576,2012-09-04,3,1,9,12,0,2,1,1,0.76,0.7273,0.7,0.2836,54,233,287
14577,2012-09-04,3,1,9,13,0,2,1,1,0.8,0.7576,0.55,0.4478,72,203,275
14578,2012-09-04,3,1,9,14,0,2,1,1,0.8,0.7576,0.55,0.4179,72,202,274
14579,2012-09-04,3,1,9,15,0,2,1,1,0.8,0.7727,0.59,0.4627,68,224,292
14580,2012-09-04,3,1,9,16,0,2,1,1,0.76,0.7273,0.7,0.4179,61,397,458
14581,2012-09-04,3,1,9,17,0,2,1,1,0.76,0.7273,0.7,0.3582,110,746,856
14582,2012-09-04,3,1,9,18,0,2,1,1,0.76,0.7424,0.75,0.2239,94,745,839
14583,2012-09-04,3,1,9,19,0,2,1,1,0.76,0.7273,0.7,0.2239,50,502,552
14584,2012-09-04,3,1,9,20,0,2,1,1,0.74,0.697,0.7,0.2537,47,338,385
14585,2012-09-04,3,1,9,21,0,2,1,1,0.74,0.7121,0.74,0.2537,28,240,268
14586,2012-09-04,3,1,9,22,0,2,1,1,0.74,0.697,0.7,0.2836,25,154,179
14587,2012-09-04,3,1,9,23,0,2,1,1,0.72,0.697,0.74,0.2985,12,83,95
14588,2012-09-05,3,1,9,0,0,3,1,1,0.72,0.697,0.74,0.2537,10,27,37
14589,2012-09-05,3,1,9,1,0,3,1,1,0.7,0.6667,0.84,0.194,2,11,13
14590,2012-09-05,3,1,9,2,0,3,1,1,0.7,0.6667,0.84,0.194,0,9,9
14591,2012-09-05,3,1,9,3,0,3,1,1,0.7,0.6667,0.79,0.2836,0,4,4
14592,2012-09-05,3,1,9,4,0,3,1,1,0.7,0.6667,0.79,0.2836,2,3,5
14593,2012-09-05,3,1,9,5,0,3,1,2,0.7,0.6667,0.79,0.2985,1,39,40
14594,2012-09-05,3,1,9,6,0,3,1,1,0.7,0.6667,0.79,0.2836,7,203,210
14595,2012-09-05,3,1,9,7,0,3,1,2,0.7,0.6667,0.79,0.2537,11,489,500
14596,2012-09-05,3,1,9,8,0,3,1,1,0.72,0.697,0.74,0.194,33,692,725
14597,2012-09-05,3,1,9,9,0,3,1,1,0.74,0.697,0.7,0.2537,27,263,290
14598,2012-09-05,3,1,9,10,0,3,1,2,0.76,0.7273,0.7,0.1642,54,181,235
14599,2012-09-05,3,1,9,11,0,3,1,2,0.78,0.7424,0.62,0.1642,61,156,217
14600,2012-09-05,3,1,9,12,0,3,1,1,0.78,0.7727,0.7,0.1045,49,217,266
14601,2012-09-05,3,1,9,13,0,3,1,1,0.8,0.7879,0.63,0.1642,50,184,234
14602,2012-09-05,3,1,9,14,0,3,1,1,0.82,0.7879,0.56,0.1045,34,177,211
14603,2012-09-05,3,1,9,15,0,3,1,1,0.78,0.7727,0.7,0.194,41,204,245
14604,2012-09-05,3,1,9,16,0,3,1,1,0.76,0.7273,0.7,0.2537,86,344,430
14605,2012-09-05,3,1,9,17,0,3,1,1,0.76,0.7273,0.66,0.2537,83,780,863
14606,2012-09-05,3,1,9,18,0,3,1,1,0.76,0.7424,0.75,0.194,82,757,839
14607,2012-09-05,3,1,9,19,0,3,1,1,0.74,0.697,0.7,0.1642,64,598,662
14608,2012-09-05,3,1,9,20,0,3,1,1,0.72,0.7121,0.84,0.1642,55,357,412
14609,2012-09-05,3,1,9,21,0,3,1,1,0.72,0.697,0.79,0.0,18,278,296
14610,2012-09-05,3,1,9,22,0,3,1,1,0.72,0.697,0.79,0.0,38,181,219
14611,2012-09-05,3,1,9,23,0,3,1,1,0.7,0.6667,0.84,0.0896,24,126,150
14612,2012-09-06,3,1,9,0,0,4,1,2,0.7,0.6667,0.84,0.0896,30,35,65
14613,2012-09-06,3,1,9,1,0,4,1,2,0.7,0.6667,0.84,0.0,2,16,18
14614,2012-09-06,3,1,9,2,0,4,1,1,0.72,0.697,0.79,0.0,1,7,8
14615,2012-09-06,3,1,9,3,0,4,1,1,0.7,0.6667,0.84,0.1045,0,9,9
14616,2012-09-06,3,1,9,4,0,4,1,2,0.7,0.6667,0.84,0.0896,0,8,8
14617,2012-09-06,3,1,9,5,0,4,1,2,0.7,0.6667,0.84,0.194,3,35,38
14618,2012-09-06,3,1,9,6,0,4,1,2,0.7,0.6667,0.84,0.0896,11,189,200
14619,2012-09-06,3,1,9,7,0,4,1,2,0.7,0.6667,0.84,0.1045,21,461,482
14620,2012-09-06,3,1,9,8,0,4,1,3,0.7,0.6667,0.79,0.0,24,622,646
14621,2012-09-06,3,1,9,9,0,4,1,3,0.66,0.5909,0.94,0.1343,8,115,123
14622,2012-09-06,3,1,9,10,0,4,1,3,0.66,0.5909,0.94,0.1343,9,40,49
14623,2012-09-06,3,1,9,11,0,4,1,3,0.7,0.6667,0.84,0.1642,10,52,62
14624,2012-09-06,3,1,9,12,0,4,1,2,0.72,0.697,0.79,0.2239,11,126,137
14625,2012-09-06,3,1,9,13,0,4,1,2,0.72,0.697,0.79,0.1045,39,152,191
14626,2012-09-06,3,1,9,14,0,4,1,1,0.74,0.7121,0.74,0.0896,38,178,216
14627,2012-09-06,3,1,9,15,0,4,1,1,0.74,0.697,0.66,0.194,42,228,270
14628,2012-09-06,3,1,9,16,0,4,1,1,0.74,0.697,0.7,0.2239,42,374,416
14629,2012-09-06,3,1,9,17,0,4,1,1,0.74,0.697,0.7,0.2537,67,741,808
14630,2012-09-06,3,1,9,18,0,4,1,1,0.72,0.6818,0.7,0.2537,74,761,835
14631,2012-09-06,3,1,9,19,0,4,1,1,0.68,0.6364,0.74,0.2537,54,504,558
14632,2012-09-06,3,1,9,20,0,4,1,1,0.66,0.6061,0.78,0.2239,50,356,406
14633,2012-09-06,3,1,9,21,0,4,1,1,0.64,0.5758,0.89,0.1642,32,240,272
14634,2012-09-06,3,1,9,22,0,4,1,1,0.64,0.5758,0.89,0.1642,24,193,217
14635,2012-09-06,3,1,9,23,0,4,1,1,0.64,0.5758,0.89,0.1642,19,150,169
14636,2012-09-07,3,1,9,0,0,5,1,1,0.64,0.5758,0.89,0.1343,17,79,96
14637,2012-09-07,3,1,9,1,0,5,1,1,0.62,0.5606,0.88,0.1045,10,19,29
14638,2012-09-07,3,1,9,2,0,5,1,1,0.62,0.5758,0.83,0.0896,1,10,11
14639,2012-09-07,3,1,9,3,0,5,1,1,0.62,0.5758,0.83,0.0896,0,9,9
14640,2012-09-07,3,1,9,4,0,5,1,1,0.62,0.5606,0.88,0.0,1,7,8
14641,2012-09-07,3,1,9,5,0,5,1,1,0.62,0.5606,0.88,0.0,1,39,40
14642,2012-09-07,3,1,9,6,0,5,1,1,0.62,0.5606,0.88,0.1045,5,135,140
14643,2012-09-07,3,1,9,7,0,5,1,1,0.64,0.5758,0.89,0.1045,21,465,486
14644,2012-09-07,3,1,9,8,0,5,1,1,0.66,0.6061,0.83,0.1045,29,690,719
14645,2012-09-07,3,1,9,9,0,5,1,1,0.7,0.6667,0.79,0.1343,33,311,344
14646,2012-09-07,3,1,9,10,0,5,1,1,0.72,0.697,0.74,0.1343,53,171,224
14647,2012-09-07,3,1,9,11,0,5,1,1,0.76,0.7121,0.62,0.1343,81,215,296
14648,2012-09-07,3,1,9,12,0,5,1,1,0.78,0.7424,0.59,0.1642,76,247,323
14649,2012-09-07,3,1,9,13,0,5,1,1,0.8,0.7727,0.59,0.2537,71,283,354
14650,2012-09-07,3,1,9,14,0,5,1,1,0.8,0.7727,0.59,0.2537,66,187,253
14651,2012-09-07,3,1,9,15,0,5,1,1,0.8,0.7576,0.55,0.2537,66,265,331
14652,2012-09-07,3,1,9,16,0,5,1,1,0.8,0.7576,0.55,0.2836,75,395,470
14653,2012-09-07,3,1,9,17,0,5,1,1,0.78,0.7424,0.59,0.3284,88,684,772
14654,2012-09-07,3,1,9,18,0,5,1,1,0.76,0.7121,0.62,0.2985,95,697,792
14655,2012-09-07,3,1,9,19,0,5,1,1,0.74,0.6818,0.62,0.2836,70,498,568
14656,2012-09-07,3,1,9,20,0,5,1,1,0.72,0.6818,0.66,0.2239,51,340,391
14657,2012-09-07,3,1,9,21,0,5,1,1,0.7,0.6667,0.74,0.1642,55,246,301
14658,2012-09-07,3,1,9,22,0,5,1,1,0.7,0.6667,0.74,0.2239,52,247,299
14659,2012-09-07,3,1,9,23,0,5,1,1,0.66,0.5909,0.89,0.2537,28,220,248
14660,2012-09-08,3,1,9,0,0,6,0,1,0.66,0.5909,0.89,0.2537,20,130,150
14661,2012-09-08,3,1,9,1,0,6,0,2,0.66,0.5909,0.89,0.2836,10,107,117
14662,2012-09-08,3,1,9,2,0,6,0,1,0.66,0.5909,0.89,0.3284,9,68,77
14663,2012-09-08,3,1,9,3,0,6,0,2,0.66,0.5909,0.89,0.2239,3,40,43
14664,2012-09-08,3,1,9,4,0,6,0,2,0.66,0.5909,0.94,0.2239,3,8,11
14665,2012-09-08,3,1,9,5,0,6,0,2,0.66,0.5909,0.94,0.2537,2,13,15
14666,2012-09-08,3,1,9,6,0,6,0,2,0.66,0.5909,0.89,0.2836,8,26,34
14667,2012-09-08,3,1,9,7,0,6,0,1,0.66,0.5909,0.89,0.2836,11,71,82
14668,2012-09-08,3,1,9,8,0,6,0,1,0.7,0.6667,0.79,0.3284,33,197,230
14669,2012-09-08,3,1,9,9,0,6,0,1,0.7,0.6667,0.74,0.3881,87,261,348
14670,2012-09-08,3,1,9,10,0,6,0,1,0.74,0.697,0.7,0.3881,100,322,422
14671,2012-09-08,3,1,9,11,0,6,0,1,0.76,0.7121,0.62,0.4478,173,405,578
14672,2012-09-08,3,1,9,12,0,6,0,1,0.8,0.7576,0.55,0.4925,220,474,694
14673,2012-09-08,3,1,9,13,0,6,0,1,0.82,0.7727,0.52,0.5224,233,435,668
14674,2012-09-08,3,1,9,14,0,6,0,1,0.82,0.7727,0.52,0.4478,260,366,626
14675,2012-09-08,3,1,9,15,0,6,0,3,0.56,0.5303,0.88,0.2537,175,337,512
14676,2012-09-08,3,1,9,16,0,6,0,3,0.56,0.5303,0.88,0.194,19,95,114
14677,2012-09-08,3,1,9,17,0,6,0,3,0.58,0.5455,0.83,0.194,52,119,171
14678,2012-09-08,3,1,9,18,0,6,0,3,0.58,0.5455,0.83,0.1343,27,140,167
14679,2012-09-08,3,1,9,19,0,6,0,3,0.58,0.5455,0.88,0.1045,28,187,215
14680,2012-09-08,3,1,9,20,0,6,0,2,0.58,0.5455,0.88,0.0896,28,166,194
14681,2012-09-08,3,1,9,21,0,6,0,2,0.6,0.5606,0.83,0.1642,26,155,181
14682,2012-09-08,3,1,9,22,0,6,0,2,0.58,0.5455,0.78,0.2985,18,176,194
14683,2012-09-08,3,1,9,23,0,6,0,2,0.58,0.5455,0.73,0.1642,12,121,133
14684,2012-09-09,3,1,9,0,0,0,0,2,0.56,0.5303,0.73,0.194,18,106,124
14685,2012-09-09,3,1,9,1,0,0,0,1,0.56,0.5303,0.73,0.2239,20,104,124
14686,2012-09-09,3,1,9,2,0,0,0,1,0.54,0.5152,0.77,0.2836,15,81,96
14687,2012-09-09,3,1,9,3,0,0,0,1,0.54,0.5152,0.73,0.2239,14,32,46
14688,2012-09-09,3,1,9,4,0,0,0,1,0.52,0.5,0.77,0.2537,12,16,28
14689,2012-09-09,3,1,9,5,0,0,0,1,0.52,0.5,0.77,0.194,16,39,55
14690,2012-09-09,3,1,9,6,0,0,0,1,0.52,0.5,0.77,0.194,11,24,35
14691,2012-09-09,3,1,9,7,0,0,0,1,0.54,0.5152,0.73,0.1642,20,50,70
14692,2012-09-09,3,1,9,8,0,0,0,1,0.58,0.5455,0.68,0.2239,27,143,170
14693,2012-09-09,3,1,9,9,0,0,0,1,0.62,0.6061,0.61,0.2537,85,214,299
14694,2012-09-09,3,1,9,10,0,0,0,1,0.64,0.6212,0.57,0.2985,172,323,495
14695,2012-09-09,3,1,9,11,0,0,0,1,0.66,0.6212,0.47,0.2537,194,391,585
14696,2012-09-09,3,1,9,12,0,0,0,1,0.66,0.6212,0.47,0.0,247,510,757
14697,2012-09-09,3,1,9,13,0,0,0,1,0.68,0.6364,0.39,0.0,238,491,729
14698,2012-09-09,3,1,9,14,0,0,0,1,0.72,0.6515,0.3,0.2836,232,415,647
14699,2012-09-09,3,1,9,15,0,0,0,1,0.72,0.6515,0.32,0.2537,284,412,696
14700,2012-09-09,3,1,9,16,0,0,0,1,0.68,0.6364,0.36,0.2836,228,473,701
14701,2012-09-09,3,1,9,17,0,0,0,1,0.7,0.6364,0.37,0.2537,213,458,671
14702,2012-09-09,3,1,9,18,0,0,0,1,0.66,0.6212,0.36,0.2537,156,404,560
14703,2012-09-09,3,1,9,19,0,0,0,1,0.66,0.6212,0.36,0.2537,134,362,496
14704,2012-09-09,3,1,9,20,0,0,0,1,0.62,0.6212,0.41,0.2836,91,265,356
14705,2012-09-09,3,1,9,21,0,0,0,1,0.6,0.6212,0.46,0.2239,57,149,206
14706,2012-09-09,3,1,9,22,0,0,0,1,0.58,0.5455,0.49,0.2537,64,125,189
14707,2012-09-09,3,1,9,23,0,0,0,1,0.56,0.5303,0.52,0.2836,22,70,92
14708,2012-09-10,3,1,9,0,0,1,1,1,0.56,0.5303,0.52,0.2836,6,35,41
14709,2012-09-10,3,1,9,1,0,1,1,1,0.54,0.5152,0.6,0.194,7,11,18
14710,2012-09-10,3,1,9,2,0,1,1,1,0.54,0.5152,0.6,0.3582,11,6,17
14711,2012-09-10,3,1,9,3,0,1,1,1,0.52,0.5,0.68,0.2836,5,7,12
14712,2012-09-10,3,1,9,4,0,1,1,1,0.52,0.5,0.68,0.2836,1,4,5
14713,2012-09-10,3,1,9,5,0,1,1,1,0.5,0.4848,0.72,0.2537,4,36,40
14714,2012-09-10,3,1,9,6,0,1,1,1,0.5,0.4848,0.72,0.1343,8,172,180
14715,2012-09-10,3,1,9,7,0,1,1,1,0.52,0.5,0.68,0.2239,20,427,447
14716,2012-09-10,3,1,9,8,0,1,1,1,0.56,0.5303,0.6,0.2836,33,697,730
14717,2012-09-10,3,1,9,9,0,1,1,1,0.6,0.6212,0.53,0.2985,40,321,361
14718,2012-09-10,3,1,9,10,0,1,1,1,0.62,0.6212,0.5,0.2836,42,168,210
14719,2012-09-10,3,1,9,11,0,1,1,1,0.62,0.6212,0.43,0.2985,69,167,236
14720,2012-09-10,3,1,9,12,0,1,1,1,0.64,0.6212,0.44,0.3881,76,256,332
14721,2012-09-10,3,1,9,13,0,1,1,1,0.64,0.6212,0.38,0.2239,72,251,323
14722,2012-09-10,3,1,9,14,0,1,1,1,0.66,0.6212,0.36,0.2836,107,233,340
14723,2012-09-10,3,1,9,15,0,1,1,1,0.66,0.6212,0.31,0.3881,115,231,346
14724,2012-09-10,3,1,9,16,0,1,1,1,0.66,0.6212,0.34,0.3284,108,380,488
14725,2012-09-10,3,1,9,17,0,1,1,1,0.66,0.6212,0.34,0.3284,127,744,871
14726,2012-09-10,3,1,9,18,0,1,1,1,0.62,0.6212,0.35,0.2985,111,857,968
14727,2012-09-10,3,1,9,19,0,1,1,1,0.62,0.6212,0.38,0.2985,71,562,633
14728,2012-09-10,3,1,9,20,0,1,1,1,0.6,0.6212,0.4,0.194,34,356,390
14729,2012-09-10,3,1,9,21,0,1,1,1,0.56,0.5303,0.49,0.1642,29,256,285
14730,2012-09-10,3,1,9,22,0,1,1,1,0.54,0.5152,0.52,0.1343,15,144,159
14731,2012-09-10,3,1,9,23,0,1,1,1,0.54,0.5152,0.52,0.0,7,86,93
14732,2012-09-11,3,1,9,0,0,2,1,1,0.52,0.5,0.59,0.1045,5,27,32
14733,2012-09-11,3,1,9,1,0,2,1,1,0.5,0.4848,0.63,0.0,0,10,10
14734,2012-09-11,3,1,9,2,0,2,1,1,0.48,0.4697,0.77,0.1642,1,5,6
14735,2012-09-11,3,1,9,3,0,2,1,1,0.48,0.4697,0.67,0.1343,1,7,8
14736,2012-09-11,3,1,9,4,0,2,1,1,0.48,0.4697,0.72,0.1045,1,8,9
14737,2012-09-11,3,1,9,5,0,2,1,1,0.46,0.4545,0.72,0.0896,3,41,44
14738,2012-09-11,3,1,9,6,0,2,1,1,0.46,0.4545,0.77,0.1045,11,200,211
14739,2012-09-11,3,1,9,7,0,2,1,1,0.5,0.4848,0.72,0.1045,24,572,596
14740,2012-09-11,3,1,9,8,0,2,1,1,0.54,0.5152,0.68,0.0896,48,702,750
14741,2012-09-11,3,1,9,9,0,2,1,1,0.6,0.6212,0.49,0.0,35,323,358
14742,2012-09-11,3,1,9,10,0,2,1,1,0.62,0.6212,0.38,0.0,54,142,196
14743,2012-09-11,3,1,9,11,0,2,1,1,0.64,0.6212,0.33,0.0896,60,187,247
14744,2012-09-11,3,1,9,12,0,2,1,1,0.64,0.6212,0.33,0.0,62,254,316
14745,2012-09-11,3,1,9,13,0,2,1,1,0.66,0.6212,0.29,0.0896,72,256,328
14746,2012-09-11,3,1,9,14,0,2,1,1,0.68,0.6212,0.3,0.0896,74,181,255
14747,2012-09-11,3,1,9,15,0,2,1,1,0.7,0.6364,0.28,0.1045,73,253,326
14748,2012-09-11,3,1,9,16,0,2,1,1,0.7,0.6364,0.28,0.1343,99,437,536
14749,2012-09-11,3,1,9,17,0,2,1,1,0.7,0.6364,0.28,0.0,168,802,970
14750,2012-09-11,3,1,9,18,0,2,1,1,0.64,0.6212,0.36,0.1642,110,767,877
14751,2012-09-11,3,1,9,19,0,2,1,1,0.62,0.6212,0.41,0.194,56,540,596
14752,2012-09-11,3,1,9,20,0,2,1,1,0.58,0.5455,0.56,0.1343,40,421,461
14753,2012-09-11,3,1,9,21,0,2,1,1,0.56,0.5303,0.6,0.1045,28,282,310
14754,2012-09-11,3,1,9,22,0,2,1,1,0.56,0.5303,0.64,0.1045,27,189,216
14755,2012-09-11,3,1,9,23,0,2,1,1,0.54,0.5152,0.68,0.1045,18,91,109
14756,2012-09-12,3,1,9,0,0,3,1,1,0.52,0.5,0.72,0.1045,8,41,49
14757,2012-09-12,3,1,9,1,0,3,1,1,0.52,0.5,0.72,0.1045,2,19,21
14758,2012-09-12,3,1,9,2,0,3,1,1,0.52,0.5,0.72,0.0896,2,9,11
14759,2012-09-12,3,1,9,3,0,3,1,1,0.5,0.4848,0.77,0.0896,0,7,7
14760,2012-09-12,3,1,9,4,0,3,1,1,0.5,0.4848,0.72,0.0896,0,5,5
14761,2012-09-12,3,1,9,5,0,3,1,1,0.5,0.4848,0.72,0.0896,4,44,48
14762,2012-09-12,3,1,9,6,0,3,1,1,0.5,0.4848,0.72,0.0896,6,199,205
14763,2012-09-12,3,1,9,7,0,3,1,1,0.52,0.5,0.72,0.0,24,533,557
14764,2012-09-12,3,1,9,8,0,3,1,1,0.56,0.5303,0.64,0.1045,43,727,770
14765,2012-09-12,3,1,9,9,0,3,1,1,0.6,0.6061,0.64,0.1343,50,278,328
14766,2012-09-12,3,1,9,10,0,3,1,1,0.62,0.6061,0.61,0.1343,57,148,205
14767,2012-09-12,3,1,9,11,0,3,1,1,0.66,0.6212,0.5,0.194,51,181,232
14768,2012-09-12,3,1,9,12,0,3,1,1,0.68,0.6364,0.36,0.1343,88,264,352
14769,2012-09-12,3,1,9,13,0,3,1,1,0.7,0.6364,0.34,0.1343,85,238,323
14770,2012-09-12,3,1,9,14,0,3,1,1,0.7,0.6364,0.37,0.1642,78,200,278
14771,2012-09-12,3,1,9,15,0,3,1,1,0.72,0.6515,0.37,0.1343,75,243,318
14772,2012-09-12,3,1,9,16,0,3,1,1,0.72,0.6515,0.37,0.1642,90,419,509
14773,2012-09-12,3,1,9,17,0,3,1,1,0.7,0.6364,0.41,0.2985,114,811,925
14774,2012-09-12,3,1,9,18,0,3,1,1,0.66,0.6212,0.44,0.2537,91,886,977
14775,2012-09-12,3,1,9,19,0,3,1,1,0.64,0.6212,0.5,0.194,78,557,635
14776,2012-09-12,3,1,9,20,0,3,1,1,0.62,0.6212,0.57,0.1343,38,432,470
14777,2012-09-12,3,1,9,21,0,3,1,1,0.6,0.6061,0.6,0.1343,27,279,306
14778,2012-09-12,3,1,9,22,0,3,1,1,0.56,0.5303,0.64,0.0896,23,189,212
14779,2012-09-12,3,1,9,23,0,3,1,1,0.56,0.5303,0.68,0.1045,16,111,127
14780,2012-09-13,3,1,9,0,0,4,1,1,0.56,0.5303,0.73,0.0896,11,46,57
14781,2012-09-13,3,1,9,1,0,4,1,1,0.54,0.5152,0.77,0.0896,6,22,28
14782,2012-09-13,3,1,9,2,0,4,1,1,0.54,0.5152,0.77,0.0,0,9,9
14783,2012-09-13,3,1,9,3,0,4,1,1,0.52,0.5,0.83,0.0,2,9,11
14784,2012-09-13,3,1,9,4,0,4,1,1,0.52,0.5,0.83,0.0,0,6,6
14785,2012-09-13,3,1,9,5,0,4,1,1,0.52,0.5,0.83,0.0,3,54,57
14786,2012-09-13,3,1,9,6,0,4,1,1,0.5,0.4848,0.82,0.0,9,186,195
14787,2012-09-13,3,1,9,7,0,4,1,1,0.54,0.5152,0.77,0.0,22,549,571
14788,2012-09-13,3,1,9,8,0,4,1,1,0.56,0.5303,0.73,0.0,33,725,758
14789,2012-09-13,3,1,9,9,0,4,1,1,0.6,0.6061,0.64,0.0896,46,292,338
14790,2012-09-13,3,1,9,10,0,4,1,1,0.64,0.6212,0.61,0.0896,63,149,212
14791,2012-09-13,3,1,9,11,0,4,1,1,0.66,0.6212,0.5,0.1642,71,183,254
14792,2012-09-13,3,1,9,12,0,4,1,1,0.68,0.6364,0.44,0.1045,57,240,297
14793,2012-09-13,3,1,9,13,0,4,1,1,0.7,0.6364,0.42,0.0,60,223,283
14794,2012-09-13,3,1,9,14,0,4,1,1,0.72,0.6515,0.39,0.1343,60,214,274
14795,2012-09-13,3,1,9,15,0,4,1,1,0.72,0.6515,0.42,0.1045,99,253,352
14796,2012-09-13,3,1,9,16,0,4,1,1,0.72,0.6515,0.39,0.0896,85,406,491
14797,2012-09-13,3,1,9,17,0,4,1,1,0.72,0.6515,0.42,0.194,97,787,884
14798,2012-09-13,3,1,9,18,0,4,1,1,0.68,0.6364,0.57,0.2537,108,744,852
14799,2012-09-13,3,1,9,19,0,4,1,1,0.64,0.6061,0.65,0.1343,80,594,674
14800,2012-09-13,3,1,9,20,0,4,1,1,0.62,0.6061,0.69,0.1045,55,408,463
14801,2012-09-13,3,1,9,21,0,4,1,1,0.62,0.6061,0.65,0.1045,26,291,317
14802,2012-09-13,3,1,9,22,0,4,1,1,0.6,0.5909,0.69,0.1343,28,223,251
14803,2012-09-13,3,1,9,23,0,4,1,1,0.58,0.5455,0.73,0.1045,33,137,170
14804,2012-09-14,3,1,9,0,0,5,1,1,0.56,0.5303,0.73,0.0896,24,63,87
14805,2012-09-14,3,1,9,1,0,5,1,1,0.56,0.5303,0.73,0.0896,6,35,41
14806,2012-09-14,3,1,9,2,0,5,1,1,0.56,0.5303,0.73,0.0,7,23,30
14807,2012-09-14,3,1,9,3,0,5,1,1,0.54,0.5152,0.77,0.0,5,9,14
14808,2012-09-14,3,1,9,4,0,5,1,1,0.54,0.5152,0.77,0.0,1,11,12
14809,2012-09-14,3,1,9,5,0,5,1,1,0.54,0.5152,0.83,0.0,1,40,41
14810,2012-09-14,3,1,9,6,0,5,1,1,0.54,0.5152,0.88,0.0,8,144,152
14811,2012-09-14,3,1,9,7,0,5,1,2,0.56,0.5303,0.88,0.0,17,437,454
14812,2012-09-14,3,1,9,8,0,5,1,2,0.6,0.5758,0.78,0.1642,51,715,766
14813,2012-09-14,3,1,9,9,0,5,1,2,0.62,0.5909,0.78,0.1642,46,301,347
14814,2012-09-14,3,1,9,10,0,5,1,2,0.68,0.6364,0.65,0.0,75,171,246
14815,2012-09-14,3,1,9,11,0,5,1,2,0.68,0.6364,0.61,0.1045,84,196,280
14816,2012-09-14,3,1,9,12,0,5,1,2,0.7,0.6515,0.54,0.194,119,290,409
14817,2012-09-14,3,1,9,13,0,5,1,2,0.7,0.6515,0.54,0.194,107,301,408
14818,2012-09-14,3,1,9,14,0,5,1,2,0.72,0.6515,0.45,0.1642,113,258,371
14819,2012-09-14,3,1,9,15,0,5,1,2,0.72,0.6667,0.48,0.1343,94,273,367
14820,2012-09-14,3,1,9,16,0,5,1,2,0.72,0.6667,0.51,0.0,109,454,563
14821,2012-09-14,3,1,9,17,0,5,1,1,0.72,0.6667,0.51,0.194,137,757,894
14822,2012-09-14,3,1,9,18,0,5,1,1,0.72,0.6515,0.45,0.2239,116,692,808
14823,2012-09-14,3,1,9,19,0,5,1,1,0.68,0.6364,0.57,0.1642,83,496,579
14824,2012-09-14,3,1,9,20,0,5,1,1,0.66,0.6212,0.61,0.1045,67,337,404
14825,2012-09-14,3,1,9,21,0,5,1,1,0.64,0.6061,0.73,0.2239,42,270,312
14826,2012-09-14,3,1,9,22,0,5,1,1,0.62,0.5758,0.83,0.194,40,189,229
14827,2012-09-14,3,1,9,23,0,5,1,1,0.62,0.5909,0.78,0.0896,27,168,195
14828,2012-09-15,3,1,9,0,0,6,0,1,0.6,0.5606,0.83,0.1045,38,169,207
14829,2012-09-15,3,1,9,1,0,6,0,1,0.6,0.5909,0.73,0.0,8,101,109
14830,2012-09-15,3,1,9,2,0,6,0,1,0.58,0.5455,0.78,0.1045,18,75,93
14831,2012-09-15,3,1,9,3,0,6,0,1,0.6,0.5909,0.73,0.2537,6,31,37
14832,2012-09-15,3,1,9,4,0,6,0,2,0.6,0.5909,0.69,0.3582,3,3,6
14833,2012-09-15,3,1,9,5,0,6,0,1,0.58,0.5455,0.6,0.5224,1,15,16
14834,2012-09-15,3,1,9,6,0,6,0,1,0.54,0.5152,0.49,0.4179,6,27,33
14835,2012-09-15,3,1,9,7,0,6,0,1,0.54,0.5152,0.52,0.2836,10,63,73
14836,2012-09-15,3,1,9,8,0,6,0,1,0.56,0.5303,0.49,0.4179,43,169,212
14837,2012-09-15,3,1,9,9,0,6,0,1,0.6,0.6212,0.43,0.4179,79,263,342
14838,2012-09-15,3,1,9,10,0,6,0,1,0.62,0.6212,0.41,0.3881,119,323,442
14839,2012-09-15,3,1,9,11,0,6,0,1,0.64,0.6212,0.38,0.3881,228,399,627
14840,2012-09-15,3,1,9,12,0,6,0,1,0.66,0.6212,0.36,0.3582,287,419,706
14841,2012-09-15,3,1,9,13,0,6,0,1,0.68,0.6364,0.36,0.194,327,377,704
14842,2012-09-15,3,1,9,14,0,6,0,1,0.68,0.6364,0.34,0.3284,325,390,715
14843,2012-09-15,3,1,9,15,0,6,0,2,0.68,0.6364,0.34,0.2836,312,342,654
14844,2012-09-15,3,1,9,16,0,6,0,2,0.66,0.6212,0.36,0.2239,350,433,783
14845,2012-09-15,3,1,9,17,0,6,0,2,0.66,0.6212,0.36,0.2537,295,434,729
14846,2012-09-15,3,1,9,18,0,6,0,2,0.64,0.6212,0.36,0.2836,232,382,614
14847,2012-09-15,3,1,9,19,0,6,0,1,0.62,0.6212,0.41,0.1642,169,309,478
14848,2012-09-15,3,1,9,20,0,6,0,1,0.6,0.6212,0.43,0.0896,89,241,330
14849,2012-09-15,3,1,9,21,0,6,0,1,0.56,0.5303,0.52,0.1045,86,210,296
14850,2012-09-15,3,1,9,22,0,6,0,1,0.56,0.5303,0.52,0.0,82,197,279
14851,2012-09-15,3,1,9,23,0,6,0,1,0.54,0.5152,0.6,0.0,47,182,229
14852,2012-09-16,3,1,9,0,0,0,0,1,0.54,0.5152,0.64,0.0,28,123,151
14853,2012-09-16,3,1,9,1,0,0,0,1,0.54,0.5152,0.64,0.0,35,82,117
14854,2012-09-16,3,1,9,2,0,0,0,1,0.52,0.5,0.63,0.0,27,62,89
14855,2012-09-16,3,1,9,3,0,0,0,1,0.5,0.4848,0.68,0.0,10,38,48
14856,2012-09-16,3,1,9,4,0,0,0,1,0.5,0.4848,0.72,0.0,2,6,8
14857,2012-09-16,3,1,9,5,0,0,0,1,0.5,0.4848,0.72,0.0,3,10,13
14858,2012-09-16,3,1,9,6,0,0,0,1,0.5,0.4848,0.72,0.0,9,26,35
14859,2012-09-16,3,1,9,7,0,0,0,1,0.5,0.4848,0.77,0.1045,28,43,71
14860,2012-09-16,3,1,9,8,0,0,0,1,0.54,0.5152,0.64,0.1642,34,94,128
14861,2012-09-16,3,1,9,9,0,0,0,1,0.58,0.5455,0.6,0.1343,70,226,296
14862,2012-09-16,3,1,9,10,0,0,0,1,0.62,0.6212,0.5,0.1045,160,330,490
14863,2012-09-16,3,1,9,11,0,0,0,1,0.64,0.6212,0.47,0.1642,183,376,559
14864,2012-09-16,3,1,9,12,0,0,0,1,0.66,0.6212,0.44,0.1642,188,468,656
14865,2012-09-16,3,1,9,13,0,0,0,1,0.64,0.6212,0.41,0.1642,240,454,694
14866,2012-09-16,3,1,9,14,0,0,0,1,0.66,0.6212,0.39,0.1343,225,410,635
14867,2012-09-16,3,1,9,15,0,0,0,1,0.64,0.6212,0.41,0.1642,215,342,557
14868,2012-09-16,3,1,9,16,0,0,0,1,0.64,0.6212,0.44,0.1642,194,402,596
14869,2012-09-16,3,1,9,17,0,0,0,1,0.66,0.6212,0.41,0.0,177,393,570
14870,2012-09-16,3,1,9,18,0,0,0,1,0.62,0.6212,0.5,0.1642,120,361,481
14871,2012-09-16,3,1,9,19,0,0,0,1,0.62,0.6212,0.5,0.1343,91,312,403
14872,2012-09-16,3,1,9,20,0,0,0,1,0.6,0.6212,0.53,0.1045,57,267,324
14873,2012-09-16,3,1,9,21,0,0,0,1,0.6,0.6212,0.56,0.1045,43,148,191
14874,2012-09-16,3,1,9,22,0,0,0,1,0.56,0.5303,0.68,0.0896,18,109,127
14875,2012-09-16,3,1,9,23,0,0,0,1,0.54,0.5152,0.68,0.1045,9,85,94
14876,2012-09-17,3,1,9,0,0,1,1,1,0.54,0.5152,0.68,0.1642,14,31,45
14877,2012-09-17,3,1,9,1,0,1,1,1,0.52,0.5,0.72,0.0896,9,12,21
14878,2012-09-17,3,1,9,2,0,1,1,1,0.52,0.5,0.72,0.0,5,8,13
14879,2012-09-17,3,1,9,3,0,1,1,1,0.5,0.4848,0.77,0.0896,0,7,7
14880,2012-09-17,3,1,9,4,0,1,1,1,0.5,0.4848,0.77,0.0,2,9,11
14881,2012-09-17,3,1,9,5,0,1,1,1,0.48,0.4697,0.82,0.0896,1,44,45
14882,2012-09-17,3,1,9,6,0,1,1,1,0.48,0.4697,0.82,0.0,7,157,164
14883,2012-09-17,3,1,9,7,0,1,1,1,0.52,0.5,0.77,0.0,18,474,492
14884,2012-09-17,3,1,9,8,0,1,1,1,0.54,0.5152,0.77,0.0896,36,647,683
14885,2012-09-17,3,1,9,9,0,1,1,1,0.58,0.5455,0.68,0.1343,34,265,299
14886,2012-09-17,3,1,9,10,0,1,1,2,0.62,0.6061,0.65,0.194,73,129,202
14887,2012-09-17,3,1,9,11,0,1,1,2,0.62,0.6061,0.69,0.2239,61,191,252
14888,2012-09-17,3,1,9,12,0,1,1,2,0.62,0.6061,0.69,0.194,62,233,295
14889,2012-09-17,3,1,9,13,0,1,1,1,0.64,0.6061,0.65,0.2537,112,231,343
14890,2012-09-17,3,1,9,14,0,1,1,2,0.64,0.6061,0.65,0.2537,129,203,332
14891,2012-09-17,3,1,9,15,0,1,1,2,0.64,0.6061,0.65,0.2537,82,256,338
14892,2012-09-17,3,1,9,16,0,1,1,2,0.64,0.6061,0.69,0.2537,74,379,453
14893,2012-09-17,3,1,9,17,0,1,1,2,0.64,0.6061,0.65,0.2239,102,740,842
14894,2012-09-17,3,1,9,18,0,1,1,2,0.62,0.5909,0.73,0.1642,66,708,774
14895,2012-09-17,3,1,9,19,0,1,1,2,0.62,0.5909,0.73,0.1045,51,435,486
14896,2012-09-17,3,1,9,20,0,1,1,2,0.62,0.5909,0.73,0.1343,32,308,340
14897,2012-09-17,3,1,9,21,0,1,1,3,0.62,0.5758,0.83,0.2239,28,205,233
14898,2012-09-17,3,1,9,22,0,1,1,3,0.62,0.5758,0.83,0.2537,20,109,129
14899,2012-09-17,3,1,9,23,0,1,1,3,0.6,0.5152,0.94,0.2537,4,66,70
14900,2012-09-18,3,1,9,0,0,2,1,3,0.6,0.5152,0.94,0.2537,2,11,13
14901,2012-09-18,3,1,9,1,0,2,1,3,0.6,0.5152,0.94,0.194,0,5,5
14902,2012-09-18,3,1,9,2,0,2,1,3,0.6,0.5152,0.94,0.194,0,4,4
14903,2012-09-18,3,1,9,3,0,2,1,2,0.62,0.5455,0.94,0.2836,0,6,6
14904,2012-09-18,3,1,9,4,0,2,1,2,0.62,0.5455,0.94,0.3582,2,5,7
14905,2012-09-18,3,1,9,5,0,2,1,2,0.64,0.5758,0.89,0.3284,3,45,48
14906,2012-09-18,3,1,9,6,0,2,1,2,0.64,0.5758,0.89,0.3284,4,163,167
14907,2012-09-18,3,1,9,7,0,2,1,2,0.64,0.5758,0.89,0.4478,13,343,356
14908,2012-09-18,3,1,9,8,0,2,1,2,0.66,0.6061,0.83,0.5522,32,640,672
14909,2012-09-18,3,1,9,9,0,2,1,2,0.66,0.6061,0.83,0.5821,27,266,293
14910,2012-09-18,3,1,9,10,0,2,1,3,0.68,0.6364,0.79,0.6418,30,130,160
14911,2012-09-18,3,1,9,11,0,2,1,2,0.68,0.6364,0.79,0.6418,36,115,151
14912,2012-09-18,3,1,9,12,0,2,1,3,0.68,0.6364,0.83,0.4478,16,72,88
14913,2012-09-18,3,1,9,13,0,2,1,2,0.7,0.6667,0.74,0.5821,17,97,114
14914,2012-09-18,3,1,9,14,0,2,1,3,0.6,0.5152,0.94,0.4627,27,116,143
14915,2012-09-18,3,1,9,15,0,2,1,3,0.6,0.5455,0.88,0.2537,1,35,36
14916,2012-09-18,3,1,9,16,0,2,1,3,0.6,0.5455,0.88,0.2985,19,122,141
14917,2012-09-18,3,1,9,17,0,2,1,3,0.6,0.5455,0.88,0.194,36,302,338
14918,2012-09-18,3,1,9,18,0,2,1,2,0.6,0.5455,0.88,0.1642,19,262,281
14919,2012-09-18,3,1,9,19,0,2,1,2,0.6,0.5455,0.88,0.2985,22,302,324
14920,2012-09-18,3,1,9,20,0,2,1,2,0.6,0.5455,0.88,0.194,19,271,290
14921,2012-09-18,3,1,9,21,0,2,1,2,0.6,0.5455,0.88,0.194,21,186,207
14922,2012-09-18,3,1,9,22,0,2,1,3,0.58,0.5455,0.83,0.4627,14,137,151
14923,2012-09-18,3,1,9,23,0,2,1,2,0.56,0.5303,0.83,0.2239,11,67,78
14924,2012-09-19,3,1,9,0,0,3,1,2,0.56,0.5303,0.68,0.2836,3,23,26
14925,2012-09-19,3,1,9,1,0,3,1,2,0.54,0.5152,0.68,0.2537,0,12,12
14926,2012-09-19,3,1,9,2,0,3,1,2,0.54,0.5152,0.64,0.3284,0,3,3
14927,2012-09-19,3,1,9,3,0,3,1,2,0.52,0.5,0.63,0.2537,1,4,5
14928,2012-09-19,3,1,9,4,0,3,1,2,0.52,0.5,0.68,0.3582,0,10,10
14929,2012-09-19,3,1,9,5,0,3,1,2,0.52,0.5,0.68,0.2836,2,54,56
14930,2012-09-19,3,1,9,6,0,3,1,1,0.52,0.5,0.63,0.2537,6,166,172
14931,2012-09-19,3,1,9,7,0,3,1,1,0.52,0.5,0.63,0.2239,16,529,545
14932,2012-09-19,3,1,9,8,0,3,1,1,0.52,0.5,0.59,0.2239,39,758,797
14933,2012-09-19,3,1,9,9,0,3,1,1,0.54,0.5152,0.6,0.2537,26,336,362
14934,2012-09-19,3,1,9,10,0,3,1,1,0.56,0.5303,0.52,0.194,23,169,192
14935,2012-09-19,3,1,9,11,0,3,1,1,0.6,0.6212,0.43,0.2537,44,203,247
14936,2012-09-19,3,1,9,12,0,3,1,1,0.6,0.6212,0.43,0.2537,53,260,313
14937,2012-09-19,3,1,9,13,0,3,1,1,0.6,0.6212,0.4,0.2537,55,234,289
14938,2012-09-19,3,1,9,14,0,3,1,1,0.62,0.6212,0.38,0.2537,59,227,286
14939,2012-09-19,3,1,9,15,0,3,1,1,0.62,0.6212,0.35,0.0,57,254,311
14940,2012-09-19,3,1,9,16,0,3,1,1,0.62,0.6212,0.35,0.0,69,397,466
14941,2012-09-19,3,1,9,17,0,3,1,1,0.6,0.6212,0.38,0.2239,74,812,886
14942,2012-09-19,3,1,9,18,0,3,1,1,0.58,0.5455,0.4,0.2836,85,807,892
14943,2012-09-19,3,1,9,19,0,3,1,1,0.56,0.5303,0.43,0.2239,72,539,611
14944,2012-09-19,3,1,9,20,0,3,1,1,0.52,0.5,0.48,0.1642,31,378,409
14945,2012-09-19,3,1,9,21,0,3,1,1,0.5,0.4848,0.59,0.1642,25,324,349
14946,2012-09-19,3,1,9,22,0,3,1,1,0.5,0.4848,0.63,0.0896,31,198,229
14947,2012-09-19,3,1,9,23,0,3,1,1,0.48,0.4697,0.67,0.0896,17,106,123
14948,2012-09-20,3,1,9,0,0,4,1,1,0.5,0.4848,0.63,0.0,12,46,58
14949,2012-09-20,3,1,9,1,0,4,1,1,0.46,0.4545,0.72,0.1045,4,14,18
14950,2012-09-20,3,1,9,2,0,4,1,1,0.46,0.4545,0.72,0.0896,2,9,11
14951,2012-09-20,3,1,9,3,0,4,1,1,0.44,0.4394,0.77,0.0,0,6,6
14952,2012-09-20,3,1,9,4,0,4,1,1,0.44,0.4394,0.77,0.1045,0,6,6
14953,2012-09-20,3,1,9,5,0,4,1,1,0.44,0.4394,0.77,0.1045,4,52,56
14954,2012-09-20,3,1,9,6,0,4,1,1,0.44,0.4394,0.77,0.0,9,161,170
14955,2012-09-20,3,1,9,7,0,4,1,1,0.46,0.4545,0.82,0.1045,20,514,534
14956,2012-09-20,3,1,9,8,0,4,1,1,0.5,0.4848,0.68,0.0896,44,746,790
14957,2012-09-20,3,1,9,9,0,4,1,1,0.56,0.5303,0.6,0.0896,25,330,355
14958,2012-09-20,3,1,9,10,0,4,1,1,0.58,0.5455,0.53,0.0896,33,157,190
14959,2012-09-20,3,1,9,11,0,4,1,1,0.62,0.6212,0.43,0.0,37,206,243
14960,2012-09-20,3,1,9,12,0,4,1,1,0.62,0.6212,0.43,0.1343,57,233,290
14961,2012-09-20,3,1,9,13,0,4,1,1,0.64,0.6212,0.44,0.1343,68,268,336
14962,2012-09-20,3,1,9,14,0,4,1,1,0.64,0.6212,0.47,0.194,76,222,298
14963,2012-09-20,3,1,9,15,0,4,1,1,0.66,0.6212,0.47,0.194,60,231,291
14964,2012-09-20,3,1,9,16,0,4,1,1,0.64,0.6212,0.47,0.1642,72,385,457
14965,2012-09-20,3,1,9,17,0,4,1,1,0.64,0.6212,0.5,0.2239,91,885,976
14966,2012-09-20,3,1,9,18,0,4,1,1,0.6,0.6212,0.56,0.2537,119,781,900
14967,2012-09-20,3,1,9,19,0,4,1,1,0.58,0.5455,0.6,0.2239,69,534,603
14968,2012-09-20,3,1,9,20,0,4,1,1,0.56,0.5303,0.64,0.1343,57,360,417
14969,2012-09-20,3,1,9,21,0,4,1,1,0.56,0.5303,0.64,0.194,28,246,274
14970,2012-09-20,3,1,9,22,0,4,1,1,0.54,0.5152,0.73,0.1045,35,252,287
14971,2012-09-20,3,1,9,23,0,4,1,1,0.54,0.5152,0.68,0.1045,17,137,154
14972,2012-09-21,3,1,9,0,0,5,1,1,0.54,0.5152,0.68,0.0,13,53,66
14973,2012-09-21,3,1,9,1,0,5,1,1,0.52,0.5,0.72,0.0,11,38,49
14974,2012-09-21,3,1,9,2,0,5,1,1,0.52,0.5,0.72,0.0,6,8,14
14975,2012-09-21,3,1,9,3,0,5,1,1,0.5,0.4848,0.77,0.0896,1,11,12
14976,2012-09-21,3,1,9,4,0,5,1,1,0.5,0.4848,0.77,0.0,1,9,10
14977,2012-09-21,3,1,9,5,0,5,1,1,0.5,0.4848,0.82,0.0,2,47,49
14978,2012-09-21,3,1,9,6,0,5,1,1,0.5,0.4848,0.77,0.0896,19,146,165
14979,2012-09-21,3,1,9,7,0,5,1,1,0.52,0.5,0.77,0.0,35,468,503
14980,2012-09-21,3,1,9,8,0,5,1,1,0.54,0.5152,0.73,0.1343,31,726,757
14981,2012-09-21,3,1,9,9,0,5,1,1,0.58,0.5455,0.68,0.1343,35,348,383
14982,2012-09-21,3,1,9,10,0,5,1,1,0.62,0.6061,0.61,0.2239,44,181,225
14983,2012-09-21,3,1,9,11,0,5,1,1,0.66,0.6212,0.57,0.2239,79,242,321
14984,2012-09-21,3,1,9,12,0,5,1,1,0.68,0.6364,0.57,0.1642,84,305,389
14985,2012-09-21,3,1,9,13,0,5,1,1,0.7,0.6515,0.54,0.1642,105,316,421
14986,2012-09-21,3,1,9,14,0,5,1,1,0.7,0.6515,0.54,0.2985,113,299,412
14987,2012-09-21,3,1,9,15,0,5,1,1,0.7,0.6515,0.54,0.2239,90,333,423
14988,2012-09-21,3,1,9,16,0,5,1,1,0.7,0.6515,0.54,0.194,103,464,567
14989,2012-09-21,3,1,9,17,0,5,1,1,0.68,0.6364,0.57,0.2836,107,739,846
14990,2012-09-21,3,1,9,18,0,5,1,1,0.66,0.6212,0.61,0.2537,106,699,805
14991,2012-09-21,3,1,9,19,0,5,1,1,0.64,0.6061,0.65,0.2537,95,493,588
14992,2012-09-21,3,1,9,20,0,5,1,1,0.62,0.6061,0.69,0.194,54,315,369
14993,2012-09-21,3,1,9,21,0,5,1,1,0.6,0.5909,0.73,0.2537,46,266,312
14994,2012-09-21,3,1,9,22,0,5,1,1,0.6,0.5909,0.73,0.194,47,248,295
14995,2012-09-21,3,1,9,23,0,5,1,1,0.6,0.5909,0.73,0.3284,23,163,186
14996,2012-09-22,3,1,9,0,0,6,0,1,0.6,0.5909,0.73,0.2836,32,140,172
14997,2012-09-22,3,1,9,1,0,6,0,1,0.58,0.5455,0.83,0.2985,18,106,124
14998,2012-09-22,3,1,9,2,0,6,0,1,0.56,0.5303,0.88,0.2537,10,73,83
14999,2012-09-22,3,1,9,3,0,6,0,1,0.56,0.5303,0.83,0.2836,6,39,45
15000,2012-09-22,3,1,9,4,0,6,0,1,0.56,0.5303,0.83,0.2836,5,10,15
15001,2012-09-22,3,1,9,5,0,6,0,1,0.56,0.5303,0.83,0.3284,2,15,17
15002,2012-09-22,3,1,9,6,0,6,0,1,0.56,0.5303,0.83,0.2985,6,35,41
15003,2012-09-22,3,1,9,7,0,6,0,1,0.58,0.5455,0.78,0.2537,7,70,77
15004,2012-09-22,3,1,9,8,0,6,0,1,0.6,0.5909,0.73,0.2985,21,197,218
15005,2012-09-22,3,1,9,9,0,6,0,1,0.64,0.6061,0.69,0.2537,88,289,377
15006,2012-09-22,3,1,9,10,0,6,0,1,0.66,0.6212,0.65,0.3284,124,350,474
15007,2012-09-22,3,1,9,11,0,6,0,1,0.7,0.6515,0.58,0.2836,189,437,626
15008,2012-09-22,3,1,9,12,0,6,0,1,0.72,0.6667,0.54,0.2985,228,460,688
15009,2012-09-22,3,1,9,13,0,6,0,1,0.74,0.6667,0.51,0.3582,273,434,707
15010,2012-09-22,3,1,9,14,0,6,0,1,0.76,0.6818,0.48,0.2836,250,404,654
15011,2012-09-22,3,1,9,15,0,6,0,1,0.74,0.6667,0.48,0.3881,307,443,750
15012,2012-09-22,3,1,9,16,0,6,0,1,0.74,0.6667,0.51,0.3284,253,427,680
15013,2012-09-22,3,1,9,17,0,6,0,1,0.74,0.6667,0.51,0.3284,195,451,646
15014,2012-09-22,3,1,9,18,0,6,0,1,0.72,0.6667,0.54,0.2836,171,427,598
15015,2012-09-22,3,1,9,19,0,6,0,1,0.7,0.6515,0.58,0.194,99,308,407
15016,2012-09-22,3,1,9,20,0,6,0,1,0.7,0.6515,0.54,0.2537,76,249,325
15017,2012-09-22,3,1,9,21,0,6,0,1,0.64,0.6212,0.57,0.2537,59,202,261
15018,2012-09-22,3,1,9,22,0,6,0,1,0.62,0.6212,0.57,0.194,59,180,239
15019,2012-09-22,3,1,9,23,0,6,0,1,0.62,0.6212,0.5,0.194,34,137,171
15020,2012-09-23,4,1,9,0,0,0,0,1,0.62,0.6212,0.38,0.2537,34,146,180
15021,2012-09-23,4,1,9,1,0,0,0,1,0.54,0.5152,0.52,0.3582,23,119,142
15022,2012-09-23,4,1,9,2,0,0,0,1,0.52,0.5,0.48,0.2537,18,77,95
15023,2012-09-23,4,1,9,3,0,0,0,1,0.48,0.4697,0.55,0.2985,13,41,54
15024,2012-09-23,4,1,9,4,0,0,0,1,0.46,0.4545,0.55,0.2239,1,9,10
15025,2012-09-23,4,1,9,5,0,0,0,1,0.46,0.4545,0.59,0.2537,1,5,6
15026,2012-09-23,4,1,9,6,0,0,0,1,0.44,0.4394,0.62,0.2537,5,11,16
15027,2012-09-23,4,1,9,7,0,0,0,1,0.46,0.4545,0.59,0.2239,9,48,57
15028,2012-09-23,4,1,9,8,0,0,0,1,0.48,0.4697,0.55,0.3582,38,137,175
15029,2012-09-23,4,1,9,9,0,0,0,1,0.5,0.4848,0.51,0.3284,71,205,276
15030,2012-09-23,4,1,9,10,0,0,0,1,0.54,0.5152,0.45,0.2537,138,351,489
15031,2012-09-23,4,1,9,11,0,0,0,1,0.56,0.5303,0.46,0.2537,186,384,570
15032,2012-09-23,4,1,9,12,0,0,0,1,0.56,0.5303,0.43,0.1045,250,526,776
15033,2012-09-23,4,1,9,13,0,0,0,1,0.6,0.6212,0.38,0.1642,257,445,702
15034,2012-09-23,4,1,9,14,0,0,0,1,0.6,0.6212,0.38,0.194,266,400,666
15035,2012-09-23,4,1,9,15,0,0,0,1,0.6,0.6212,0.33,0.2239,265,375,640
15036,2012-09-23,4,1,9,16,0,0,0,1,0.6,0.6212,0.33,0.3284,254,437,691
15037,2012-09-23,4,1,9,17,0,0,0,1,0.56,0.5303,0.35,0.2985,227,496,723
15038,2012-09-23,4,1,9,18,0,0,0,1,0.54,0.5152,0.37,0.194,135,405,540
15039,2012-09-23,4,1,9,19,0,0,0,1,0.52,0.5,0.42,0.1642,82,331,413
15040,2012-09-23,4,1,9,20,0,0,0,1,0.52,0.5,0.42,0.1642,60,192,252
15041,2012-09-23,4,1,9,21,0,0,0,2,0.52,0.5,0.48,0.1045,51,145,196
15042,2012-09-23,4,1,9,22,0,0,0,1,0.52,0.5,0.48,0.0,40,98,138
15043,2012-09-23,4,1,9,23,0,0,0,2,0.5,0.4848,0.59,0.1045,30,70,100
15044,2012-09-24,4,1,9,0,0,1,1,1,0.46,0.4545,0.63,0.194,10,54,64
15045,2012-09-24,4,1,9,1,0,1,1,1,0.46,0.4545,0.67,0.1343,6,12,18
15046,2012-09-24,4,1,9,2,0,1,1,2,0.46,0.4545,0.63,0.1343,0,8,8
15047,2012-09-24,4,1,9,3,0,1,1,1,0.46,0.4545,0.63,0.1642,0,5,5
15048,2012-09-24,4,1,9,4,0,1,1,1,0.44,0.4394,0.67,0.1045,0,8,8
15049,2012-09-24,4,1,9,5,0,1,1,1,0.46,0.4545,0.63,0.0,2,35,37
15050,2012-09-24,4,1,9,6,0,1,1,1,0.46,0.4545,0.59,0.0,6,162,168
15051,2012-09-24,4,1,9,7,0,1,1,1,0.46,0.4545,0.67,0.1343,17,513,530
15052,2012-09-24,4,1,9,8,0,1,1,1,0.5,0.4848,0.55,0.194,31,719,750
15053,2012-09-24,4,1,9,9,0,1,1,1,0.52,0.5,0.52,0.194,42,286,328
15054,2012-09-24,4,1,9,10,0,1,1,1,0.54,0.5152,0.49,0.2239,52,146,198
15055,2012-09-24,4,1,9,11,0,1,1,1,0.56,0.5303,0.37,0.194,71,167,238
15056,2012-09-24,4,1,9,12,0,1,1,1,0.56,0.5303,0.35,0.2985,77,265,342
15057,2012-09-24,4,1,9,13,0,1,1,1,0.6,0.6212,0.31,0.2985,80,248,328
15058,2012-09-24,4,1,9,14,0,1,1,1,0.6,0.6061,0.28,0.0,77,226,303
15059,2012-09-24,4,1,9,15,0,1,1,1,0.6,0.6212,0.31,0.0,84,216,300
15060,2012-09-24,4,1,9,16,0,1,1,1,0.58,0.5455,0.3,0.2537,99,417,516
15061,2012-09-24,4,1,9,17,0,1,1,1,0.58,0.5455,0.3,0.0,89,809,898
15062,2012-09-24,4,1,9,18,0,1,1,1,0.54,0.5152,0.37,0.1642,95,758,853
15063,2012-09-24,4,1,9,19,0,1,1,1,0.52,0.5,0.39,0.1343,56,534,590
15064,2012-09-24,4,1,9,20,0,1,1,1,0.52,0.5,0.52,0.1045,52,380,432
15065,2012-09-24,4,1,9,21,0,1,1,1,0.5,0.4848,0.51,0.1343,26,230,256
15066,2012-09-24,4,1,9,22,0,1,1,1,0.5,0.4848,0.51,0.2239,18,154,172
15067,2012-09-24,4,1,9,23,0,1,1,1,0.46,0.4545,0.63,0.1343,11,83,94
15068,2012-09-25,4,1,9,0,0,2,1,1,0.46,0.4545,0.67,0.1642,8,56,64
15069,2012-09-25,4,1,9,1,0,2,1,1,0.44,0.4394,0.72,0.1343,2,11,13
15070,2012-09-25,4,1,9,2,0,2,1,1,0.42,0.4242,0.77,0.1343,5,9,14
15071,2012-09-25,4,1,9,3,0,2,1,1,0.42,0.4242,0.71,0.0896,2,3,5
15072,2012-09-25,4,1,9,4,0,2,1,1,0.42,0.4242,0.71,0.1343,2,7,9
15073,2012-09-25,4,1,9,5,0,2,1,1,0.42,0.4242,0.77,0.0896,1,46,47
15074,2012-09-25,4,1,9,6,0,2,1,1,0.44,0.4394,0.77,0.2239,5,189,194
15075,2012-09-25,4,1,9,7,0,2,1,1,0.44,0.4394,0.77,0.194,17,539,556
15076,2012-09-25,4,1,9,8,0,2,1,1,0.48,0.4697,0.67,0.194,41,764,805
15077,2012-09-25,4,1,9,9,0,2,1,1,0.54,0.5152,0.56,0.2537,28,381,409
15078,2012-09-25,4,1,9,10,0,2,1,1,0.56,0.5303,0.52,0.2985,45,125,170
15079,2012-09-25,4,1,9,11,0,2,1,1,0.6,0.6212,0.46,0.2985,63,155,218
15080,2012-09-25,4,1,9,12,0,2,1,1,0.62,0.6212,0.43,0.2836,69,233,302
15081,2012-09-25,4,1,9,13,0,2,1,1,0.64,0.6212,0.47,0.2537,48,257,305
15082,2012-09-25,4,1,9,14,0,2,1,1,0.66,0.6212,0.39,0.3284,80,213,293
15083,2012-09-25,4,1,9,15,0,2,1,1,0.66,0.6212,0.36,0.3284,56,247,303
15084,2012-09-25,4,1,9,16,0,2,1,1,0.66,0.6212,0.39,0.2985,59,436,495
15085,2012-09-25,4,1,9,17,0,2,1,1,0.66,0.6212,0.39,0.2836,107,860,967
15086,2012-09-25,4,1,9,18,0,2,1,1,0.64,0.6212,0.41,0.2239,64,758,822
15087,2012-09-25,4,1,9,19,0,2,1,1,0.62,0.6212,0.5,0.2537,49,490,539
15088,2012-09-25,4,1,9,20,0,2,1,1,0.6,0.6212,0.56,0.2985,37,388,425
15089,2012-09-25,4,1,9,21,0,2,1,1,0.6,0.6212,0.56,0.2985,34,263,297
15090,2012-09-25,4,1,9,22,0,2,1,1,0.6,0.6212,0.56,0.2836,14,174,188
15091,2012-09-25,4,1,9,23,0,2,1,1,0.6,0.6212,0.56,0.3284,9,89,98
15092,2012-09-26,4,1,9,0,0,3,1,1,0.58,0.5455,0.64,0.2985,6,34,40
15093,2012-09-26,4,1,9,1,0,3,1,1,0.58,0.5455,0.64,0.3284,10,19,29
15094,2012-09-26,4,1,9,2,0,3,1,2,0.58,0.5455,0.64,0.2836,2,15,17
15095,2012-09-26,4,1,9,3,0,3,1,2,0.58,0.5455,0.64,0.2836,4,6,10
15096,2012-09-26,4,1,9,4,0,3,1,1,0.56,0.5303,0.73,0.2537,2,12,14
15097,2012-09-26,4,1,9,5,0,3,1,1,0.56,0.5303,0.73,0.2239,1,35,36
15098,2012-09-26,4,1,9,6,0,3,1,1,0.54,0.5152,0.73,0.194,3,179,182
15099,2012-09-26,4,1,9,7,0,3,1,1,0.54,0.5152,0.77,0.1343,9,523,532
15100,2012-09-26,4,1,9,8,0,3,1,1,0.56,0.5303,0.73,0.2985,30,808,838
15101,2012-09-26,4,1,9,9,0,3,1,1,0.6,0.6061,0.64,0.194,27,307,334
15102,2012-09-26,4,1,9,10,0,3,1,1,0.6,0.5909,0.73,0.2836,29,156,185
15103,2012-09-26,4,1,9,11,0,3,1,1,0.64,0.6212,0.61,0.2537,46,181,227
15104,2012-09-26,4,1,9,12,0,3,1,1,0.68,0.6364,0.61,0.2239,56,260,316
15105,2012-09-26,4,1,9,13,0,3,1,1,0.7,0.6515,0.58,0.2239,67,273,340
15106,2012-09-26,4,1,9,14,0,3,1,1,0.74,0.6667,0.48,0.2836,60,217,277
15107,2012-09-26,4,1,9,15,0,3,1,1,0.74,0.6667,0.48,0.2985,69,231,300
15108,2012-09-26,4,1,9,16,0,3,1,1,0.74,0.6667,0.45,0.2836,71,397,468
15109,2012-09-26,4,1,9,17,0,3,1,1,0.74,0.6667,0.48,0.2985,77,876,953
15110,2012-09-26,4,1,9,18,0,3,1,1,0.74,0.6667,0.48,0.2239,69,815,884
15111,2012-09-26,4,1,9,19,0,3,1,1,0.7,0.6515,0.54,0.1642,38,589,627
15112,2012-09-26,4,1,9,20,0,3,1,1,0.66,0.6212,0.69,0.194,45,389,434
15113,2012-09-26,4,1,9,21,0,3,1,1,0.66,0.6212,0.65,0.194,32,328,360
15114,2012-09-26,4,1,9,22,0,3,1,3,0.62,0.6061,0.69,0.194,21,194,215
15115,2012-09-26,4,1,9,23,0,3,1,2,0.6,0.5758,0.78,0.2537,13,102,115
15116,2012-09-27,4,1,9,0,0,4,1,1,0.6,0.5758,0.78,0.0896,5,60,65
15117,2012-09-27,4,1,9,1,0,4,1,1,0.6,0.5758,0.78,0.0896,5,16,21
15118,2012-09-27,4,1,9,2,0,4,1,1,0.6,0.5758,0.78,0.0896,3,13,16
15119,2012-09-27,4,1,9,3,0,4,1,1,0.6,0.5758,0.78,0.0,0,7,7
15120,2012-09-27,4,1,9,4,0,4,1,1,0.56,0.5303,0.94,0.1343,2,6,8
15121,2012-09-27,4,1,9,5,0,4,1,1,0.58,0.5455,0.83,0.0,2,64,66
15122,2012-09-27,4,1,9,6,0,4,1,1,0.56,0.5303,0.88,0.0896,5,164,169
15123,2012-09-27,4,1,9,7,0,4,1,1,0.6,0.5758,0.78,0.0,12,546,558
15124,2012-09-27,4,1,9,8,0,4,1,1,0.62,0.6061,0.71,0.0896,20,774,794
15125,2012-09-27,4,1,9,9,0,4,1,1,0.66,0.6212,0.65,0.0,30,305,335
15126,2012-09-27,4,1,9,10,0,4,1,2,0.7,0.6515,0.51,0.2836,40,168,208
15127,2012-09-27,4,1,9,11,0,4,1,2,0.72,0.6667,0.51,0.1642,67,227,294
15128,2012-09-27,4,1,9,12,0,4,1,2,0.74,0.6667,0.48,0.1343,63,272,335
15129,2012-09-27,4,1,9,13,0,4,1,2,0.74,0.6667,0.48,0.0,61,265,326
15130,2012-09-27,4,1,9,14,0,4,1,2,0.76,0.6818,0.45,0.0896,44,214,258
15131,2012-09-27,4,1,9,15,0,4,1,2,0.76,0.6818,0.45,0.0,41,255,296
15132,2012-09-27,4,1,9,16,0,4,1,2,0.72,0.6667,0.58,0.3284,73,399,472
15133,2012-09-27,4,1,9,17,0,4,1,2,0.66,0.6212,0.69,0.2985,87,818,905
15134,2012-09-27,4,1,9,18,0,4,1,2,0.66,0.6212,0.69,0.2239,77,822,899
15135,2012-09-27,4,1,9,19,0,4,1,1,0.66,0.6212,0.65,0.1343,48,511,559
15136,2012-09-27,4,1,9,20,0,4,1,2,0.64,0.6061,0.69,0.2239,45,412,457
15137,2012-09-27,4,1,9,21,0,4,1,3,0.62,0.5758,0.83,0.2985,18,235,253
15138,2012-09-27,4,1,9,22,0,4,1,3,0.62,0.5758,0.83,0.2985,2,45,47
15139,2012-09-27,4,1,9,23,0,4,1,3,0.62,0.5758,0.83,0.1642,1,44,45
15140,2012-09-28,4,1,9,0,0,5,1,3,0.6,0.5455,0.88,0.1642,2,15,17
15141,2012-09-28,4,1,9,1,0,5,1,3,0.6,0.5455,0.88,0.0,0,13,13
15142,2012-09-28,4,1,9,2,0,5,1,3,0.6,0.5455,0.88,0.2985,1,9,10
15143,2012-09-28,4,1,9,3,0,5,1,2,0.6,0.5606,0.83,0.1343,0,7,7
15144,2012-09-28,4,1,9,4,0,5,1,3,0.56,0.5303,0.88,0.1045,2,10,12
15145,2012-09-28,4,1,9,5,0,5,1,1,0.56,0.5303,0.88,0.0,1,37,38
15146,2012-09-28,4,1,9,6,0,5,1,2,0.56,0.5303,0.94,0.0896,2,136,138
15147,2012-09-28,4,1,9,7,0,5,1,2,0.56,0.5303,0.94,0.0,10,384,394
15148,2012-09-28,4,1,9,8,0,5,1,1,0.6,0.5606,0.83,0.0896,31,674,705
15149,2012-09-28,4,1,9,9,0,5,1,2,0.62,0.5758,0.83,0.1045,27,399,426
15150,2012-09-28,4,1,9,10,0,5,1,2,0.64,0.5909,0.78,0.1343,51,194,245
15151,2012-09-28,4,1,9,11,0,5,1,2,0.66,0.6212,0.69,0.0,109,252,361
15152,2012-09-28,4,1,9,12,0,5,1,2,0.7,0.6515,0.54,0.2537,94,286,380
15153,2012-09-28,4,1,9,13,0,5,1,2,0.7,0.6515,0.51,0.2537,106,304,410
15154,2012-09-28,4,1,9,14,0,5,1,2,0.7,0.6515,0.54,0.2537,105,294,399
15155,2012-09-28,4,1,9,15,0,5,1,2,0.68,0.6364,0.54,0.2836,104,288,392
15156,2012-09-28,4,1,9,16,0,5,1,2,0.66,0.6212,0.5,0.2239,83,419,502
15157,2012-09-28,4,1,9,17,0,5,1,2,0.66,0.6212,0.54,0.2985,101,707,808
15158,2012-09-28,4,1,9,18,0,5,1,2,0.64,0.6212,0.5,0.2239,58,609,667
15159,2012-09-28,4,1,9,19,0,5,1,3,0.62,0.6212,0.5,0.2537,38,470,508
15160,2012-09-28,4,1,9,20,0,5,1,3,0.6,0.6212,0.53,0.1642,32,304,336
15161,2012-09-28,4,1,9,21,0,5,1,3,0.6,0.6212,0.53,0.194,32,205,237
15162,2012-09-28,4,1,9,22,0,5,1,2,0.58,0.5455,0.53,0.2239,30,190,220
15163,2012-09-28,4,1,9,23,0,5,1,2,0.56,0.5303,0.56,0.194,26,164,190
15164,2012-09-29,4,1,9,0,0,6,0,1,0.54,0.5152,0.6,0.2239,15,134,149
15165,2012-09-29,4,1,9,1,0,6,0,1,0.54,0.5152,0.6,0.2239,12,89,101
15166,2012-09-29,4,1,9,2,0,6,0,2,0.54,0.5152,0.56,0.2239,12,80,92
15167,2012-09-29,4,1,9,3,0,6,0,2,0.52,0.5,0.59,0.194,4,25,29
15168,2012-09-29,4,1,9,4,0,6,0,1,0.52,0.5,0.59,0.2537,6,8,14
15169,2012-09-29,4,1,9,5,0,6,0,1,0.5,0.4848,0.63,0.194,2,13,15
15170,2012-09-29,4,1,9,6,0,6,0,1,0.5,0.4848,0.63,0.2537,4,33,37
15171,2012-09-29,4,1,9,7,0,6,0,1,0.48,0.4697,0.67,0.2836,12,61,73
15172,2012-09-29,4,1,9,8,0,6,0,1,0.5,0.4848,0.68,0.2836,37,174,211
15173,2012-09-29,4,1,9,9,0,6,0,1,0.5,0.4848,0.63,0.194,69,263,332
15174,2012-09-29,4,1,9,10,0,6,0,1,0.54,0.5152,0.56,0.2537,134,338,472
15175,2012-09-29,4,1,9,11,0,6,0,1,0.56,0.5303,0.52,0.2836,217,446,663
15176,2012-09-29,4,1,9,12,0,6,0,1,0.62,0.6212,0.41,0.2985,191,491,682
15177,2012-09-29,4,1,9,13,0,6,0,1,0.62,0.6212,0.41,0.2985,233,453,686
15178,2012-09-29,4,1,9,14,0,6,0,1,0.6,0.6212,0.4,0.2537,302,448,750
15179,2012-09-29,4,1,9,15,0,6,0,1,0.6,0.6212,0.43,0.2537,271,456,727
15180,2012-09-29,4,1,9,16,0,6,0,1,0.62,0.6212,0.41,0.2537,275,447,722
15181,2012-09-29,4,1,9,17,0,6,0,1,0.6,0.6212,0.38,0.3582,256,456,712
15182,2012-09-29,4,1,9,18,0,6,0,1,0.56,0.5303,0.46,0.194,174,420,594
15183,2012-09-29,4,1,9,19,0,6,0,1,0.52,0.5,0.55,0.1642,119,351,470
15184,2012-09-29,4,1,9,20,0,6,0,1,0.52,0.5,0.55,0.194,88,227,315
15185,2012-09-29,4,1,9,21,0,6,0,1,0.52,0.5,0.55,0.1343,73,219,292
15186,2012-09-29,4,1,9,22,0,6,0,1,0.5,0.4848,0.63,0.1045,48,173,221
15187,2012-09-29,4,1,9,23,0,6,0,1,0.5,0.4848,0.59,0.0896,35,161,196
15188,2012-09-30,4,1,9,0,0,0,0,1,0.5,0.4848,0.59,0.0,35,112,147
15189,2012-09-30,4,1,9,1,0,0,0,1,0.5,0.4848,0.59,0.0,31,85,116
15190,2012-09-30,4,1,9,2,0,0,0,1,0.48,0.4697,0.63,0.0,21,71,92
15191,2012-09-30,4,1,9,3,0,0,0,1,0.46,0.4545,0.67,0.0896,17,41,58
15192,2012-09-30,4,1,9,4,0,0,0,1,0.46,0.4545,0.67,0.0896,1,6,7
15193,2012-09-30,4,1,9,5,0,0,0,1,0.44,0.4394,0.72,0.0,1,9,10
15194,2012-09-30,4,1,9,6,0,0,0,1,0.44,0.4394,0.72,0.0896,2,20,22
15195,2012-09-30,4,1,9,7,0,0,0,1,0.44,0.4394,0.77,0.0,14,43,57
15196,2012-09-30,4,1,9,8,0,0,0,1,0.48,0.4697,0.67,0.1045,18,126,144
15197,2012-09-30,4,1,9,9,0,0,0,1,0.52,0.5,0.63,0.1045,74,211,285
15198,2012-09-30,4,1,9,10,0,0,0,1,0.58,0.5455,0.46,0.1642,160,319,479
15199,2012-09-30,4,1,9,11,0,0,0,1,0.6,0.6212,0.43,0.2239,222,369,591
15200,2012-09-30,4,1,9,12,0,0,0,1,0.62,0.6212,0.41,0.2985,206,474,680
15201,2012-09-30,4,1,9,13,0,0,0,1,0.62,0.6212,0.41,0.2537,180,414,594
15202,2012-09-30,4,1,9,14,0,0,0,1,0.62,0.6212,0.41,0.2537,208,404,612
15203,2012-09-30,4,1,9,15,0,0,0,1,0.64,0.6212,0.36,0.2537,230,419,649
15204,2012-09-30,4,1,9,16,0,0,0,1,0.64,0.6212,0.36,0.2239,202,446,648
15205,2012-09-30,4,1,9,17,0,0,0,1,0.62,0.6212,0.35,0.2836,195,380,575
15206,2012-09-30,4,1,9,18,0,0,0,1,0.52,0.5,0.59,0.4478,91,310,401
15207,2012-09-30,4,1,9,19,0,0,0,3,0.5,0.4848,0.72,0.1343,34,223,257
15208,2012-09-30,4,1,9,20,0,0,0,3,0.5,0.4848,0.72,0.1343,31,163,194
15209,2012-09-30,4,1,9,21,0,0,0,1,0.5,0.4848,0.68,0.0,19,104,123
15210,2012-09-30,4,1,9,22,0,0,0,1,0.48,0.4697,0.72,0.0,15,76,91
15211,2012-09-30,4,1,9,23,0,0,0,1,0.48,0.4697,0.72,0.0896,8,49,57
